{"intents": [
        {"tag": "greeting",
         "patterns": ["Hi there", "How are you", "Is anyone there?","Hey","Hola", "Hello", "Good day"],
         "responses": ["Hello", "Good to see you again", "Hi there, how can I help?"],
         "context": [""]
        },
        {"tag": "goodbye",
         "patterns": ["Bye", "See you later", "Goodbye", "Nice chatting to you, bye", "Till next time"],
         "responses": ["See you!", "Have a nice day", "Bye! Come back again soon."],
         "context": [""]
        },
        {"tag": "thanks",
         "patterns": ["Thanks", "Thank you", "That's helpful", "Awesome, thanks", "Thanks for helping me"],
         "responses": ["My pleasure", "You're Welcome"],
         "context": [""]
        },
        {"tag": "query",
         "patterns": [" What is your name?","What are you called?"],
         "responses": ["I am Tech-Bee, your Chat bot"],
         "context": [""]
        }, 
        {"tag":"options",
         "patterns":["What Can you do?","What are your functions?","How could you help me?","What help can you provide"],
         "responses":["I Can provide basic information about the website"],
         "context":[""]        
        },
        {"tag": "noanswer",
         "patterns": [],
         "responses": ["Sorry I can't understand you","Sorry I am not Sure","Can you please specify again?"],
         "context": [""]
        } 

    ]
}